Geoname ID;Name;ASCII Name;Alternate Names;Feature Class;Feature Code;Country Code;Country name EN;Country Code 2;Admin1 Code;Admin2 Code;Admin3 Code;Admin4 Code;Population;Elevation;DIgital Elevation Model;Timezone;Modification date;LABEL EN;Coordinates
304531;Mersin;Mersin;Icel,Mersin,Mersina,Mersine,Merson,Mersyna,Myrte,Mêrsîn,Zephyrium,İçel,Μερσίνη,Мерсин;P;PPLA;TR;Turkey;;32;;;;537842;;10;Europe/Istanbul;2017-11-10;Turkey;36.81196,34.63886
746425;Gümüşhane;Gumushane;Argyroupoli,Gjumjushane,Guemueshane,Gumusane,Gumushane,Gumushkhane,Gümüşane,Gümüşhane,Nkioumouschane,Αργυρούπολη,Γκιουμούσχανε,Гюмюшане;P;PPLA;TR;Turkey;;69;;;;32250;;1180;Europe/Istanbul;2020-07-09;Turkey;40.46001,39.47176
316541;Diyarbakır;Diyarbakir;Amed,Amida,DIY,Diarbekir,Diarbekr,Diari-Bekir,Diari-Békir,Dijarbakir,Dijarbakira,Dijarbakiro,Dijarbakyr,Dijarbakyras,Dijarbakˌyr,Dijarbekir,Dikranakerd,Diyarbakir,Diyarbakır,Diyarbekir,Diyarbekır,Diyarbəkir,Diyaribakir,Diyaribekir,Diyarıbakır,Diyarıbekir,Dyjarbakyr,Ntigiarmpakir,di ya ba ke er,diarbakiri,diyaleubakileu,diyarubakuru,dyar bkr,dyarbkr,Ντιγιαρμπακίρ,Диарбекир,Диярбакыр,Диярбақыр,Дијарбакир,Дијарбекир,Дыярбакыр,Діярбакир,Դիարբեքիր,דיארבקיר,ئامەد,ديار بكر,دیار بکر,دیاربکر,დიარბაქირი,ディヤルバクル,迪亚巴克尔,디야르바키르;P;PPLA;TR;Turkey;;21;;;;644763;;674;Europe/Istanbul;2020-06-10;Turkey;37.91363,40.21721
750516;Bolu;Bolu;Balu,Boli,Bolou,Bolu,Claudiopolis,bo lu,bollu,bolu,boru,bwlw,bwly,Μπολού,Балу,Болу,بولو,بولی,ბოლუ,ボル,博盧,볼루;P;PPLA;TR;Turkey;;14;;;;96629;;733;Europe/Istanbul;2019-09-05;Turkey;40.73583,31.60611
311046;İzmir;Izmir;Azmir,Esmirna,IZM,Ismir,Izmir,Izmira,Izmiras,Izmiro,Smirne,Smyrna,Smyrne,Yazmir,azmyr,izmiri,izumiru,yi zi mi er,İzmir,Σμύρνη,Измир,איזמיר,إزمير,იზმირი,イズミル,伊兹密尔;P;PPLA;TR;Turkey;;35;;;;2500603;;122;Europe/Istanbul;2020-06-10;Turkey;38.41273,27.13838
322165;Balıkesir;Balikesir;Achyraus,Adrianoutherai,Adrianouthērai,BZI,Bali-Kessir,Balikesir,Balikesira,Balikesr,Balikesri,Balikesyras,Balukesir,Balukisu,Balykesir,Balıkesir,Belikesir,Belikiser,Hadrianutherae,Karassi,ba lei ke ai xi er,balikesiri,baliq asyr,ballikesileu,balyksyr,barukesuiru,Μπαλικεσίρ,Баликесир,Баликесір,Балъкесир,Балыкесир,Балыкесір,Балықесир,بالِق أسير,بالیکسیر,ბალიქესირი,バルケスィル,巴勒克埃西爾,발리케시르;P;PPLA;TR;Turkey;;10;;;;238151;;139;Europe/Istanbul;2020-06-10;Turkey;39.64917,27.88611
298299;Uşak;Usak;Flaviopolis,Ouchak,Ousak,Temenothyrae,USQ,Usak,Usakas,Uschak,Ushak,Ushaq,Uşak,Ušakas,awshak,usaka,ushaki,ushaku,usyakeu,wu sha ke,Ουσάκ,Ушак,أوشاك,اوشاک,عشاق,ਉਸ਼ਾਕ,უშაქი,ウシャク,烏沙克,우샤크;P;PPLA;TR;Turkey;;64;;;;152862;;910;Europe/Istanbul;2020-06-10;Turkey;38.67351,29.4058
740264;Samsun;Samsun;Amisos,Amisus,Djanik,Janik,SSX,SZF,Sampsounta,Sams,Samsoun,Samsun,Samsuna,Samsunas,sa mu song,sam sun,samsun,samsuni,samswn,samusun,smswn,symsn,Αμισός,Σαμψούντα,Самсун,Սամսուն,סמסון,سامسون,سیمسن,ซัมซุน,სამსუნი,サムスン,薩姆松,삼순;P;PPLA;TR;Turkey;;55;;;;394050;;64;Europe/Istanbul;2019-09-05;Turkey;41.27976,36.3361
740483;Rize;Rize;Bechirias,Corum,Provinsi Rize,QRI,Rhizus,Rize,Rizeh,Rizenska provincie,Rizenská provincie,Rizounta,Rizė,Rizə,li ze,lije,rize,ryzh,Çorum,Ριζούντα,Ризе,Різе,Ռիզե,ريزه,ریزه,ریزہ,ریزے,რიზე,リゼ,里澤,리제;P;PPLA;TR;Turkey;;53;;;;92772;;63;Europe/Istanbul;2014-06-27;Turkey;41.02083,40.52194
749748;Çankırı;Cankiri;Cankiri,Changra,Changri,Chankiri,Chankyry,Gangra Germanicopolis,Ghanjarah,Kangiri,Kangırı,Khanjarah,knghry,Çankırı,Чанкыры,کنغری;P;PPLA;TR;Turkey;;82;;;;71379;;727;Europe/Istanbul;2020-07-09;Turkey;40.59995,33.6153
298846;Tunceli;Tunceli;Kalan,Mameki,Mamekiye,Mamekî,Mamiki,Tunceli,Tuncəli,Tundzheli,tnjyly,tong jie li,tounjeri,tunjelli,twnjly,Тунджели,Тунджелі,تنجیلی,تونجلي,تونجلی,مامەکی,トゥンジェリ,通傑利,툰젤리;P;PPLA;TR;Turkey;;62;;;;29062;;903;Europe/Istanbul;2015-02-07;Turkey;39.09921,39.54351
321025;Bitlis;Bitlis;Bages,Bidlis,Bidlîs,Bitlis,Bitliss,Bıdlis,bdlys,bi te li si,bi tlis,biteulliseu,bitlisi,bitorisu,blts,btlys,byt dlys,bytlys,Битлис,Биҭлис,Бітліс,Բաղեշ,بتليس,بتلیس,بدليس,بدلیس,بلتس,بيطليس,ܒܝܬ ܕܠܝܣ,บิตลิส,ბითლისი,ビトリス,比特利斯,비틀리스;P;PPLA;TR;Turkey;;13;;;;46111;;1494;Europe/Istanbul;2020-07-26;Turkey;38.40115,42.10784
322830;Aydın;Aydin;Aidin,Aidinas,Aidinio,Aidinion,Ajdin,Ajdun,Ajdyn,Ajdın,Aydin,Aydın,Aïdin,Aïdínion,CII,Guesel Hissar,Guezel Hissar,Guezelhisar,Güsel Hissar,Güzel Hissar,Güzelhisar,Tralleis,Tralles,Tralli,ai deng,aidin,aidina,aidini,aidoun,aydyn,aywdn,Αϊδίνιο,Айдин,Айдън,Айдын,Ајдин,آیدین,أيدين,ایودن,ਐਦਿਨ,აიდინი,アイドゥン,艾登,아이딘;P;PPLA;TR;Turkey;;09;;;;163022;;67;Europe/Istanbul;2020-06-10;Turkey;37.84501,27.83963
738025;Yalova;Yalova;Gialova,Jalov,Jalova,Pythiae Thermae,Yalova,Yaluva,ialova,ya luo wa,yalloba,yalwa,yalwfa,yalwwa,yarovua,Γιάλοβα,Јалова,Ялова,يالوفا,یالوا,یالووا,იალოვა,ヤロヴァ,亞洛瓦,얄로바;P;PPLA;TR;Turkey;;92;;;;71289;;9;Europe/Istanbul;2011-02-21;Turkey;40.65501,29.27693
741100;Ordu;Ordu;Cotyora,Kotyora,OGU,Ordu,Orntou,Κοτύωρα,Ορντού,Орду;P;PPLA;TR;Turkey;;52;;;;116788;;11;Europe/Istanbul;2022-09-29;Turkey;40.97782,37.89047
307654;Kırıkkale;Kirikkale;Kirikale,Kirikalė,Kirikkale,Kurukkale,Kyrykale,Kyrykkale,Kırıkkale,Qirixqele,Qirqqalʼa,Qırıxqele,ke lei ke ka lai,kilikalle,kurukkare,kyrkaly,Κιρίκαλε,Кирикале,Кириккале,Къръккале,Кырыкале,Кырыккале,قیریق قلعہ,قیریق‌قلعه,كيركالي,کیرک کلے,ქირიქკალე,クルッカレ,克勒克卡萊,키리칼레;P;PPLA;TR;Turkey;;79;;;;211138;;731;Europe/Istanbul;2019-09-05;Turkey;39.84528,33.50639
321836;Batman;Batman;BAL,Batman,Batman i Tyrkia,Batmanas,Elih,Iloh,Iluh,ba te man,bateuman,batman,batman  trky,batmani,batoman,btman,btmn,Êlih,Μπατμάν,Батман,Баҭман,בטמן,ئێلح,باتمان,باتمان، ترکی,بطمان,ضلع باتمان,ბათმანი,バトマン,巴特曼,바트만;P;PPLA;TR;Turkey;;76;;;;381990;540;574;Europe/Istanbul;2019-09-05;Turkey;37.88738,41.13221
744562;Karabük;Karabuk;Karabiukas,Karabjuk,Karabuek,Karabuk,Karabük,Karampouk,Qerebuk,ka la bi ke,ka la bi ke sheng,kalabwikeu,karabuka,karabwk,karabyukku,Καραμπούκ,Карабук,Карабюк,Карабүк,Карабӱк,قره‌بوک,قرہ بوک,كارابوك,کارابوک,ਕਾਰਾਬੁਕ,ყარაბუქი,カラビュック,卡拉比克,卡拉比克省,카라뷔크;P;PPLA;TR;Turkey;;89;;;;97481;;316;Europe/Istanbul;2015-08-01;Turkey;41.20488,32.62768
738648;Trabzon;Trabzon;Atrabazandah,TZX,Tarabazandah,Tirabson,Tirabzon,Trabzon,Trabzona,Trabzonas,Trapesonda,Trapezonte,Trapezounta,Trapezund,Trapezunt,Trapezus,Trapisonda,Trapizon,Trebisonda,Trebizond,Trebizonda,Trebizonde,Trébizonde,tarabazona,te la bu zong,teulabeujon,torabuzon,trabzwn,trbzwn,tʼrapʼizoni,Τραπεζούντα,Трабзон,Трапезунт,Տրապիզոն,טרבזון,ترابزون,ترابزۆن,طرابزون,ਤਰਾਬਜ਼ੋਨ,ტრაპიზონი,トラブゾン,特拉布宗,트라브존;P;PPLA;TR;Turkey;;61;;;;244083;;39;Europe/Istanbul;2020-07-23;Turkey;41.005,39.72694
751817;Artvin;Artvin;Ardvin,Artivin,Artvin,Artwin,XHQ,a er te wen,aleuteubin,artvini,artwyn,arutovuin,Αρτβίν,Артвин,Артвін,Арҭвин,Արդվին,آرتوین,أرتوين,ارتوین,ართვინი,アルトヴィン,阿爾特溫,아르트빈;P;PPLA;TR;Turkey;;08;;;;24266;;517;Europe/Istanbul;2014-06-27;Turkey;41.18161,41.82172
751952;Ardahan;Ardahan;Ardaa,Ardagan,Ardahan,Ardakhan,Ardaã,Arntachan,Erdexan,Erdêxan,a er da han,aleudahan,ardahan,ardakhan,ardhan,arudahan,Ərdəhan,Αρνταχάν,Ардаган,Ардахан,Արդահան,ארדהאן,أرداهان,ارداخان,ارداہان,اردهان,არტაანი,アルダハン,阿爾達漢,아르다한;P;PPLA;TR;Turkey;;86;;;;21020;;1812;Europe/Istanbul;2014-06-27;Turkey;41.10871,42.70222
303831;Nevşehir;Nevsehir;Muskara,Muşkara,NAV,Nevsechir,Nevsehir,Nevshehr,Nevshekhir,Nevşehir,Nevşəhər,nebeusyehileu,nei fu xie xi er,nevshehiri,nevushehiru,nwshhr,Νεβσεχίρ,Невшехир,نو شہر,نوشهر,نیوشہر,ნევშეჰირი,ネヴシェヒル,內夫謝希爾,네브셰히르;P;PPLA;TR;Turkey;;50;;;;75527;;1213;Europe/Istanbul;2020-06-10;Turkey;38.625,34.71222
304922;Malatya;Malatya;MLX,Malat'ja,Malateia,Malatia,Malatija,Malatiyah,Malatja,Malatya,Meleti,Meletiye,Meletî,Melitene,ma la di ya,malatia,mallatia,maratiya,mltyh,mltyt,Μαλάτεια,Малатия,Малатија,Малатья,Малатя,Մալաթիա,מלטיה,مالاطیہ,ملطية,ملطیه,مەلەدی,მალათია,マラティヤ,馬拉蒂亞,말라티아;P;PPLA;TR;Turkey;;44;;;;441805;;963;Europe/Istanbul;2019-09-05;Turkey;38.35018,38.31667
315373;Erzincan;Erzincan;Arzanjan,Aziris,ERC,Ehrzindzhan,Ersindjan,Ersingan,Ersingjan,Erzincam,Erzincan,Erzindjan,Erzindzan,Erzindzanas,Erzindzhan,Erzindžanas,Erzingan,Erzinjan,Erznka,Erzıngan,Ezirgan,Yerznka,ai er jin zhan,arznjan,arzynjan,eleujinjan,erajikana,eruzuinjan,erzinjani,xer sin can,Ərzincan,Ерзинджан,Ерзинџан,Ерзінджан,Эрзинджан,Երզնկա,أرزينجان,ئەرزگان,ارزنجان,ਏਰਜਿੰਕਾਨ,เอร์ซินจาน,ერზინჯანი,エルズィンジャン,埃尔津詹,에르진잔;P;PPLA;TR;Turkey;;24;;;;114027;;1195;Europe/Istanbul;2015-02-07;Turkey;39.73919,39.49015
323779;Antakya;Antakya;Antak'ja,Antakija,Antakiya,Antakiyah,Antakiyyah,Antakya,Antioch,Antioche,Antiocheia,Antiochia,Antiochia am Orontes,Antiochia di Siria,Antiochia vid Orontes,Antiochie,Antiochië,Antiohija,Antiokheia,Antiokhija,Antiokia,Antioquia,Antioquía,Antākiyyah,Antıoch,Anţākiyah,Hatay,an tiao ke,antakya‎,antakyt,antiokeia,ntakyt,Αντιόχεια,Антакия,Антакья,Антиохия,Антиохија,אנטיוכיה,أنطاكية,انطاكيا‎,نتاكيّة,アンティオケイア,安条克;P;PPLA;TR;Turkey;;31;438417;;;210000;;104;Europe/Istanbul;2019-03-26;Turkey;36.20655,36.15722
309527;Karaman;Karaman;Ak Yokus,Ak Yokuş,Darende,Karaman,Karamana,Karamanas,Kuaraman,Laranda,Qereman,ka la man,kalaman,karaman,karamana,karamani,qraman,Καραμάν,Караман,Къараман,קאראמאן,قرامان,كارامان,کارامان,ਕਾਰਮਾਨ,ქარამანი,カラマン,卡拉曼,카라만;P;PPLA;TR;Turkey;;78;;;;120399;;1037;Europe/Istanbul;2019-09-05;Turkey;37.18111,33.215
737022;Zonguldak;Zonguldak;ONQ,Sandaraca,Songuldak,Sungul,Zanguldak,Zon'nkoulntak,Zonguldak,Zonguldakas,Zonguldaq,Zonquldak,Zoungouldagh,Zunguldak,jong-guldakeu,zangwldak,zngwldagh,zong gu er da ke,zonguldaki,zongurudaku,zwnghwldaq,zwngwldagh,zwngwldak,Ζονγκουλντάκ,Зангулдак,Зонгулдак,زانگولداک,زنگولداغ,زونغولداق,زونگولداغ,زونگولداک,ზონგულდაქი,ゾングルダク,宗古爾達克,종굴다크;P;PPLA;TR;Turkey;;85;;;;100229;;24;Europe/Istanbul;2019-09-05;Turkey;41.45139,31.79305
310859;Kahramanmaraş;Kahramanmaras;Caesarea Germanicia,Germanicea Marqasi,Gurgum,KCM,Kachramanmaras,Kachramanmarasas,Kachramanmarašas,Kahramanmaras,Kahramanmaraş,Kakhramanmarash,Karamanmarash,Kuag'ramanmarash,Maraache,Marache,Maraix,Maras,Marasch,Marash,Marasion,Maraş,Meres,Qəhrəmanmaraş,ka he la man ma la shen,kafuramanmarashu,kahramanmarashi,kalamanmalasyu,Καχραμανμαράς,Караманмараш,Кахраманмараш,Къагьраманмараш,Қаһраманмараш,Մարաշ,קהרמאנמרש,قهرمان مرعش,قهرمان‌مرعش,قہرمان مرعش,مرعش,مەرعەش,کہرامانمراش,ქაჰრამანმარაში,カフラマンマラシュ,卡赫拉曼馬拉什,카라만마라슈;P;PPLA;TR;Turkey;;46;;;;376045;;564;Europe/Istanbul;2020-06-10;Turkey;37.5847,36.92641
325363;Adana;Adana;ADA,Adana,Adane,Adano,Adanë,Adhanah,Antiocheia,Edene,a da na,adana,adnt,xa da na,yadana,Άδανα,Αδανα,Αντιόχεια,Адана,Ադանա,אדנה,آدانا,أضنة,ئادانا,अदना,আদানা,อาดานา,ადანა,アダナ,阿达纳,아다나;P;PPLA;TR;Turkey;;81;;;;1248988;;30;Europe/Istanbul;2021-07-31;Turkey;36.98615,35.32531
315202;Eskişehir;Eskisehir;Dorylaeum,ESK,Ehskishehkhir,Ehskishekhir,Eski Shahr,Eski Shehir,Eski shehr,Eski-chehir,Eski-chéhir,Eskischehir,Eskisechir,Eskisechiras,Eskiseher,Eskisehir,Eskisehira,Eskishekhir,Eskişeher,Eskişehir,Eskišechiras,Eskišehira,ai si ji xie xi er,asky shhr,esakisehara,eseukisyehileu,eskishehiri,esukishehiru,Əskişəhər,Εσκισεχίρ,Ескишехир,Ескішехір,Эскишехир,Эскішэхір,אסקישהיר,أسكي شهر,ئێسکی شەھر,اسکی شہر,اسکی‌شهر,ਏਸਕਿਸੇਹਰ,ესქიშეჰირი,エスキシェヒル,埃斯基谢希尔,에스키셰히르;P;PPLA;TR;Turkey;;26;;;;514869;;794;Europe/Istanbul;2020-06-10;Turkey;39.77667,30.52056
323777;Antalya;Antalya;AYT,Adalia,Antal'ja,Antalia,Antalija,Antaliya,Antaliyah,Antalja,Antaljo,Antalya,Antayla,Antália,Atali,Attalea,Attaleia,Attalia,Olbia,Satalia,an ta li ya,antalia,antallia,antalya,antaruya,yantalya,Αττάλεια,Анталия,Анталија,Анталья,Анҭалиа,Անթալիա,אנטליה,آنتالیا,أنطاليا,ئانتالیا,انطالیہ,अंताल्या,ანთალია,アンタルヤ,安塔利亚,安塔利亞,안탈리아;P;PPLA;TR;Turkey;;07;;;;758188;;61;Europe/Istanbul;2021-08-01;Turkey;36.90812,30.69556
739600;Sinop;Sinop;NOP,SIC,Sanub,Sinob,Sinop,Sinope,Sinopi,Sinub,Synopa,Sînop,Sınob,sinopeu,suinopu,synwb,synwp,synwp  trky,xi nuo pu,Σινώπη,Синоп,סינופ,سينوب,سینوپ,سینوپ، ترکی,སི་ནོ་པེ།,სინოპი,スィノプ,锡诺普,시노프;P;PPLA;TR;Turkey;;57;;;;34834;;100;Europe/Istanbul;2016-11-16;Turkey;42.02683,35.16253
296562;Yozgat;Yozgat;Gioznkat,Jozgat,Jozgatas,Saralus,Yozgad,Yozgat,Yozqat,Yuzgat,iozgati,yojeugateu,yozgata,yozugato,yue zi jia te,ywzgat,ywzghad,ywzghat,ywzgt,Γιοζγκάτ,Йозгат,Յոզղատ,يوزغات,یوزغاد,یوزگات,یوزگت,योज़्गत,იოზგათი,ヨズガト,約茲加特,요즈가트;P;PPLA;TR;Turkey;;66;;;;87881;;1290;Europe/Istanbul;2012-01-18;Turkey;39.82,34.80444
300822;Siirt;Siirt;SXZ,Sairt,Sert,Sgerd,Siirt,Sirt,Sirtas,Sêrt,siileuteu,siirti,suiiruto,syrt,xi er te,Сиирт,Сирт,Сіірт,Сіїрт,Սղերդ,سعرد,سیرت,سێرت,სიირთი,スィイルト,錫爾特,시이르트;P;PPLA;TR;Turkey;;74;;;;114034;;893;Europe/Istanbul;2019-09-05;Turkey;37.9293,41.94134
307864;Kilis;Kilis;Ciliza,Kilis,Kilisas,Kilita,Kilîs,Kılis,ji li si,kilisi,killiseu,kirisu,kls,kyls,kylys,Κιλίς,Килис,Кіліс,Քիլիս,كلس,کیلس,کیلیس,ქილისი,キリス,基利斯,킬리스;P;PPLA;TR;Turkey;;90;;;;82301;;660;Europe/Istanbul;2012-01-18;Turkey;36.71611,37.115
743882;Kastamonu;Kastamonu;Castamena,Castamon,Castamoni,Castamonu,Castamuni,KFS,Kastambul,Kastamoni,Kastamonu,Kastamouni,Kastamuni,Kastamuniyah,Qastamuni,Qestamonu,ka si ta mo nu,kaseutamonu,kastamanw,kastamwnw,kasutamonu,qstmwny,Κασταμονή,Кастамону,Касҭамону,قسطموني,قسطمونی,کاستامانو,کاستامونو,კასთამონუ,カスタモヌ,卡斯塔莫努,카스타모누;P;PPLA;TR;Turkey;;37;7732736;;;70402;;786;Europe/Istanbul;2013-05-09;Turkey;41.37805,33.77528
750598;Bilecik;Bilecik;Agrilium,Belocome,Bilecik,Biledzhik,Bilejik,Biletsik,Biləcik,bi lai ji ke,bilejiki,billejikeu,birejiku,bylh jk,bylyjk,Μπιλετσίκ,Биледжик,Біледжик,بيله جك,بیله‌جک,بیلیجک,ბილეჯიქი,ビレジク,比萊吉克,빌레지크;P;PPLA;TR;Turkey;;11;;;;40285;;517;Europe/Istanbul;2012-01-16;Turkey;40.14192,29.97932
306571;Konya;Konya;Conia,Iconio,Iconium,Ikonio,Ikoniow,KYA,Ko'niya,Kon'ja,Koni,Konia,Konieh,Konija,Konja,Konjao,Konya,Koʻniya,Kuniyah,Kuon'ja,Qonia,Qonya,Qonye,ke ni ya,kean'ya,kon'ya,konia,qwnyh,qwnyt,Ικόνιο,Кония,Конија,Конья,Къонья,Կոնիա,קוניה,قونية,قونیه,قونیہ,कोन्या,കോന്യ,კონია,コンヤ,科尼亞,코니아;P;PPLA;TR;Turkey;;71;;;;875530;;1030;Europe/Istanbul;2019-09-05;Turkey;37.87135,32.48464
315808;Elazığ;Elazig;EZS,Ehljazyg,Elazig,Elazii,Elaziz,Elaziğ,Elazığ,Elazıı,Eleziz,Elezîz,Eliazihas,Eljazg,Eljazig,Elâzız,Elâzığ,Mezreh,Xarberd,ai la ze,alazygh,aylazgh,elajiga,elazighi,ellaji,erazu,mʿmwrt alʿzyz,Елазиг,Елязиг,Елязъг,Элязыг,Խարբերդ,الازیغ,ایلازغ,خارپێت,معمورة العزيز,ਏਲਾਜਿਗ,ელაზიღი,エラズー,埃拉泽,엘라지;P;PPLA;TR;Turkey;;23;;;;298004;;1062;Europe/Istanbul;2020-06-10;Turkey;38.67431,39.22321
325303;Afyonkarahisar;Afyonkarahisar;AFY,Acroenus,Acroënus,Af'on-Karakhisar,Af'onkarakhisar,Afion,Afion Karachisar,Afion Karahissar,Afion-Karahisar,Afionkarakhisar,Afioun-Kara-Hissar,Afium Kara Hissar,Afium Karahisar,Afiun Karahissar,Afiun Qarahisar,Afiun-Carahissar,Afjon,Afjonkarahisara,Afjonkarahisaras,Afyon,Afyoncarahisar,Afyonkara Hisar,Afyonkarahisar,Afıon Karahissar,Kara Hissar Sahib,Karahisarisahip,Karahısarısahıp,a fei yong ka la xi sa er,afiyonkarahisaru,afywn qrh hsar,apionkalahisaleu,Αφιόν Καραχισάρ,Афионкарахисар,АфйонкъарахӀисар,Афьон-Карахисар,Афьон-Карахісар,Афьонкарахисар,Афён,Աֆիոն-Կարահիսար,أفيون قره حصار,ئافيون قاراھىسار,افیون قره‌حصار,افیون قرہ حصار,افیون‌ قره حصاری,قره ‌حصار ساحب,აფიონ-ყარაჰისარი,アフィヨンカラヒサール,阿菲永卡拉希萨尔,아피온카라히사르;P;PPLA;TR;Turkey;;03;;;;146136;;1019;Europe/Istanbul;2021-08-22;Turkey;38.75667,30.54333
747712;Edirne;Edirne;Adrianapolis,Adrianopel,Adrianople,Adrianopoja,Adrianopol,Adrianopoli,Adrianopolis,Adrianoupoli,Adrianoupolis,Adrianòpolis,Adrinople,Andrianoplin,Andrinople,Andrinòple,Drinapoly,Drinopolje,Drinápoly,Ederne,Ederné,Edirnae,Edirne,Edirnä,Edirnė,Edrene,Ehdirne,Ehdyrneh,Hadrianople,Hadrianopolis,Jedrene,Odrin,Odrín,adrnh,adrnt,ai di er nei,edileune,edirane,edirne,edirune,xe dirne,Édirne,Ədirnə,Αδριανούπολη,Једрене,Едрене,Едірне,Одрин,Эдирне,Эдырнэ,Ադրիանապոլիս,אדירנה,أدرنة,ادرنه,ادرنہ,ਏਦਿਰਨੇ,เอดีร์เน,အီဒါးနီမြို့,ედირნე,エディルネ,埃迪爾內,에디르네;P;PPLA;TR;Turkey;;22;;;;126470;;62;Europe/Istanbul;2019-09-05;Turkey;41.67719,26.55597
749780;Çanakkale;Canakkale;Abydus,CKZ,Canakale,Canakkale,Canaqqala,Canaxqele,Chanak,Chanakale,Chanakkale,Chanaq,Chanoqqalʼa,Dardanelles,Kale-Sultanie,Tsanakkale,canakale,cha nak kale,chanakalle,chanakkare,chnaq‌qlʿh,chynk qlʿh,janakaly,qia na ka lai,qia na ka lai sheng,znqlh,Çanakkale,Çanaqqala,Çanaxqele,Čanakalė,Τσανάκκαλε,Чанакале,Чанаккале,Չանաքկալե,צנקלה,تاناککالے,جاناكالي,چاناق‌قلعه,چناق قلعے,چناق‌قلعه,چینک قلعه,ਚਾਨਕਲੇ,ชานักกาเล,ჩანაქკალე,チャナッカレ,恰納卡萊,恰纳卡莱省,차나칼레;P;PPLA;TR;Turkey;;17;;;;87791;;12;Europe/Istanbul;2020-06-10;Turkey;40.15552,26.41271
745044;Istanbul;Istanbul;Bizanc,Bizánc,Byzance,Byzantion,Byzantium,Byzanz,Constantinoble,Constantinopla,Constantinople,Constantinopolen,Constantinopoli,Constantinopolis,Costantinopoli,Estambul,IST,Istamboul,Istambul,Istambuł,Istampoul,Istanbul,Istanbúl,Isztambul,Konstantinapoly,Konstantinopel,Konstantinopolo,Konstantinoupoli,Konstantinoupolis,Konstantinápoly,Kustantiniyah,Micklagard,Micklagård,Mikligardur,Mikligarður,Stamboul,Stambul,Stambula,Stambuł,Tsarigrad,Vizantija (Vizantija),Vyzantio,astnbwl,bijantium,byuzantion,byzntywn,iseutanbul,istambula,isutanburu,stin Poli [stimˈboli],yi si tan bao,yi si tan bu er,İstanbul,Βυζάντιο,Βυζαντιο,Ισταμπουλ,Ισταμπούλ,Κωνσταντινουπολη,Κωνσταντινούπολη,Κωνσταντινούπολις,στην Πόλι [stimˈboli],Византија (Vizantija),Истанбул,Стамбул,ביזנטיון,اسطنبول,इस्तांबुल,ইস্তাম্বুল,イスタンブール,ビュザンティオン,伊斯坦堡,伊斯坦布尔,비잔티움,이스탄불;P;PPLA;TR;Turkey;;34;;;;14804116;;39;Europe/Istanbul;2022-03-09;Turkey;41.01384,28.94966
752850;Adapazarı;Adapazari;Ada Bazar,Adapazar,Adapazari,Adapazaris,Adapazaru,Adapazary,Adapazarı,Antapazari,Sakar'ja,Sakarya,Tarsia,a da pa zha lei,adabazary,adapajali,adapazari,adapazaru,adapazary,yadapazary,Ανταπαζαρί,Адапазар,Адапазари,Адапазаръ,Адапазары,Адаҧазары,Сакарья,Ադաբազարը,آدابازاري,آداپازاری,ئاداپازاری,ضلع اداپازاری,ადაფაზარი,アダパザル,阿达帕扎勒,아다파자리;P;PPLA;TR;Turkey;;54;;;;286787;;34;Europe/Istanbul;2019-09-05;Turkey;40.78056,30.40333
303195;Osmaniye;Osmaniye;Asmanie,Cebelibereket,Gebelibereket,Kinikan,Osmanie,Osmanigie,Osmanije,Osmanijė,Osmaniye,Osmaniyə,ao si man ni ye,oseumaniye,osmanie,osumanie,Οσμανίγιε,Асманіе,Османие,Османије,Османіє,אוסמניה,אסמאניע,عثمانية,عثمانیه,عثمانیہ,عثمانیے,ოსმანიე,オスマニエ,奧斯曼尼耶,오스마니예;P;PPLA;TR;Turkey;;91;;;;202837;;128;Europe/Istanbul;2019-09-05;Turkey;37.07417,36.24778
300619;Sivas;Sivas;Megalopolis,Sebastea,Sebastia,Sevas,Sevasteia,Sewas,Sivas,Sivasas,Siwas,Sêwas,VAS,sibaseu,sivasi,suivuasu,sywas,sywws,xi wa si,Σεβάστεια,Сивас,Сівас,Սեբաստիա,סיווס,سيواس,سیواس,سێواس,სივასი,スィヴァス,錫瓦斯,시바스;P;PPLA;TR;Turkey;;58;;;;264022;;1287;Europe/Istanbul;2019-09-05;Turkey;39.74833,37.01611
298333;Şanlıurfa;Sanliurfa;Antiocheia,Edesa,Edesija,Edessa,Edesse,Edesses,Edessza,Ehdessa,Orfa,Ourfa,Owrha,Riha,Riha‎,Rıha,SFQ,Sanli Urfa,Sanlijurfa,Sanlijurfo,Sanliurfa,Shanlleurfa,Shanllëurfa,Urfa,Urfeh,Urha,Urhay,Urhây,al-Ruha,al-Rūhā,Édessa,Édesse,Ŝanlijurfo,Şanlıurfa,Šanlijurfa,Šanliurfa,Αντιόχεια,Эдесса,Ուռհա;P;PPLA;TR;Turkey;;63;;;;449549;;528;Europe/Istanbul;2022-11-11;Turkey;37.16708,38.79392
311665;Iğdır;Igdir;gdur,IGD,Idir,Igdir,Igdira,Igdyras,Iidir,Iğdır,Iıdır,aghdyr,ayghdr,ayghdyr,e de er,idileu,igdiri,udouru,ygdyr,Îdir,Īgdira,İğdır,Игдир,Ъгдър,Ыгдыр,Ցոլակերտ,اغدير,ایغدر,ایغدیر,ڕەشقەلاس,იგდირი,ウードゥル,厄德尔,이디르;P;PPLA;TR;Turkey;;88;;;;75721;;860;Europe/Istanbul;2013-05-16;Turkey;39.92371,44.045
320392;Burdur;Burdur;Bourdour,Bourntour,Buldur,Burdur,Polydorion,ba er du er,brdwd,buleuduleu,burduri,burudouru,bwrdwr,Μπουρντούρ,Бурдур,بردود,بوردور,ბურდური,ブルドゥル,巴爾杜爾,부르두르;P;PPLA;TR;Turkey;;15;;;;66158;;956;Europe/Istanbul;2012-01-16;Turkey;37.72028,30.29083
324496;Aksaray;Aksaray;Aksarai,Aksaraj,Aksarajus,Aksaray,Akusaraj,Aqserayiye,a ke sa lai,agsalai,akasara'e,aksarai,akusarai,aq sray,Ακσαράι,Аксарай,Аксарај,Акъсарай,Ақсарай,آق سراي,آق‌سرای,آکسرے,ਅਕਸਾਰਾਏ,აქსარაი,アクサライ,阿克萨赖,악사라이;P;PPLA;TR;Turkey;;75;;;;152201;;976;Europe/Istanbul;2019-09-05;Turkey;38.37255,34.02537
738743;Tokat;Tokat;Dazimon,Evdokia,Provincia de Tokat,TJK,Takat,Tocat,Tokat,Tokat Province,Tokatas,Tokatiaen,Tokatiän,Tokatska provincie,Tokatská provincie,Tokhuat,Toqat,Tukat,tokateu,tokati,tokatto,tuo ka te,twkat,twqat,twqt,Τοκάτ,Такат,Токат,Тохъат,Եվդոկիա,טוקט,توقات,توکات,თოქათი,トカット,托卡特,토카트;P;PPLA;TR;Turkey;;60;;;;129702;;627;Europe/Istanbul;2019-09-05;Turkey;40.31389,36.55444
750938;Bayburt;Bayburt;Baberd,Baiburt,Baimpourt,Bajburt,Bayburt,Bayburt Province,Bayburtiaen,Bayburtiän,Bayburtska provincie,Bayburtská provincie,Paipourt,Provincia de Bayburt,Provinsi Bayburt,ba yi bu er te,ba yi bu er te sheng,baibuleuteu,baiburti,baiburuto,baybwrd,baybwrt,beburata,bybwrt,Μπαϊμπούρτ,Παϊπούρτ,Байбурт,Բաբերդ,بايبورت,بایبورت,بایبورد,بیبورت,ਬੇਬੁਰਤ,ბაიბურთი,バイブルト,巴伊布尔特省,巴伊布爾特,바이부르트;P;PPLA;TR;Turkey;;77;;;;31258;;1564;Europe/Istanbul;2015-02-07;Turkey;40.25631,40.22289
304081;Muş;Mus;MSR,Mus,Mush,Muş,Mûş,mu shen,mushi,mushu,musyu,mwsh,mwwsh,Муш,Մուշ,موش,مووش,მუში,ムシュ,穆什,무슈;P;PPLA;TR;Turkey;;49;;;;82536;;1420;Europe/Istanbul;2020-06-10;Turkey;38.73163,41.48482
751057;Bartın;Bartin;Bartan,Bartheni,Bartin,Bartin Merkez,Bartyn,Bartın,Bartın Merkez,Parthenium,ba er teng,baleutin,bartini,bartn,bartyn,barutoun,Μπαρτίν,Бартин,Бартын,بارتن,بارتين,بارتین,ბართინი,バルトゥン,巴爾滕,바르틴;P;PPLA;TR;Turkey;;87;;;;37427;;28;Europe/Istanbul;2020-06-10;Turkey;41.63583,32.3375
303827;Niğde;Nigde;Nigdah,Nigde,Nigdeh,Nigdi,Niide,Nijdeh,Niğde,Niğdə,ni dai,nide,nigde,nyghdh,nyghdt,Νίγδη,Нигде,Нійдэ,نيغدة,نگدے,نیغده,نیغدے,ნიგდე,ニーデ,尼代,니데;P;PPLA;TR;Turkey;;73;;;;91039;;1243;Europe/Istanbul;2020-06-10;Turkey;37.96583,34.67935
308464;Kayseri;Kayseri;ASR,Caesarea,Caesarea in Cappadocia,Casarea,Cearee,Cesarea,Cesarea de Capadocia,Cesarea in Cappadocia,Cesaree,Céarée,Césarée,Eusebeia,Kaisareia,Kaisaria,Kaisarie,Kaisarije,Kaiseri,Kaiseris,Kaizarie,Kajseri,Kajsery,Kayseri,Kaīzarie,Khuajseri,Mazaca,Mazakʻ,Qaisariye,Qayseri,kai sai li,kaiseli,kaiseri,ki se ri,qysry,qysryh,qysryt,qyysry,Καισάρεια,Кaйсери,Кайсери,Кайсеры,Кайсері,Кајсери,Хъайсери,Մաժաք,קייסרי,قيصرية,قیصری,قیصریه,قەیسەری,کیسری شہر,ไกเซรี,კაისერი,カイセリ,開塞利,카이세리;P;PPLA;TR;Turkey;;38;;;;592840;;1054;Europe/Istanbul;2019-09-05;Turkey;38.73222,35.48528
314830;Gaziantep;Gaziantep;Aintab,Antep,Ayintap,Ayntʻap,Ayıntap,Dilok,Dîlok,GZT,Gazi-Ayintap,Gaziantep,Gaziantepa,Gaziantepas,Gaziantepo,Gazijantehp,Gazijantep,Guaziantep,Nkaziantep,Qazianteb,Qaziantep,gaji'antepa,gajiantepeu,gaziantepi,gazuiantepu,jia ji an tai pu,ka si xan tep,Γκαζιαντέπ,Газиантеп,Газијантеп,Газіянтэп,Гъазиантеп,Ґазіантеп,Այնթապ,Գազիանթեպ,גזיאנטפ,عنتاب,غازی عینتاب,گازی ئانتەپ,ਗਜਿਆਂਤੇਪ,กาซีอันเตป,გაზიანთეფი,ガズィアンテプ,加濟安泰普,가지안테프;P;PPLA;TR;Turkey;;83;;;;1065975;;842;Europe/Istanbul;2021-08-01;Turkey;37.05944,37.3825
743952;Kars;Kars;Cars,KSY,Kapc,Kars,Karsa,Karsas,Khuars,Kuars,Qars,Qers,Vanand,ka er si,kaleuseu,kar s,karasa,kars,karusu,qars,Καρς,Карс,Къарс,Хъарс,Ҟарс,Կարս,קארס,قارص,قەرس,كارس,کارس,ਕਾਰਸ,การ์ส,ყარსი,カルス,卡爾斯,카르스;P;PPLA;TR;Turkey;;84;;;;77486;;1767;Europe/Istanbul;2019-09-05;Turkey;40.59825,43.08548
309647;Ağrı;Agri;AJI,Aari,Aarı,Agiri,Agr,Agri,Agry,Agury,Agıri,Ahras,Ağrı,Karakilise,Karakose,Karaköse,Provinsi Agri,Provinsi Ağrı,Qerekose,a lei,aghri,aghry,ali,ari,aru,Агри,Агръ,Агры,Агъры,Աղրի,آغری,أغري,قەرەکۆسە,আরি,აღრი,アール,阿勒,아리;P;PPLA;TR;Turkey;;04;;;;92022;;1622;Europe/Istanbul;2020-07-09;Turkey;39.71467,43.04015
311073;Isparta;Isparta;sparta,Baris,Hamid,Hamid-Abad,Hamitabat,ISE,Isbarta,Isparta,Ispartah,Izbarta,Izparta,Sparta,Sparte,Spartē,Ysparta,asbrtt,asparta,iseupaleuta,usuparuta,yi si pa er ta,ysparta,İsparta,İzparta,Ισπάρτα,Испарта,Ъспарта,Ыспарта,אספרטה,إسبرطة,اسپارتا,ისპარტა,ウスパルタ,伊斯帕爾塔,이스파르타;P;PPLA;TR;Turkey;;33;;;;172334;;1069;Europe/Istanbul;2019-09-05;Turkey;37.76444,30.55222
317109;Denizli;Denizli;DNZ,Dehnizli,Denisli,Denislu,Denislü,Denizli,Denizlis,Denizlu,Ntenizli,dai ni zi li,deni s li,denijali,denijeulli,denizli,denizuri,dnyzly,Ντενιζλί,Денизли,Денізлі,Дэнізлі,دنيزلي,دنیزلی,دەنیزلی,ڈینزلی,ਦੇਨਿਜਲੀ,เดนิซลี,დენიზლი,デニズリ,代尼茲利,데니즐리;P;PPLA;TR;Turkey;;20;;;;313238;;405;Europe/Istanbul;2019-09-05;Turkey;37.77417,29.0875
745028;İzmit;Izmit;Astacus,Cocaeli,Ismid,Ismit,Isnimid,Izmid,Izmit,Kodja-Eli,Koja-Ili,Nicomedia,Nicomedie,Nicomédie,Nikomedeia,Nikomedia,izumitto,yi zi mi te,İzmit,Измит,イズミット,伊兹密特;P;PPLA;TR;Turkey;;41;;;;196571;;19;Europe/Istanbul;2020-11-30;Turkey;40.76499,29.92928
300640;Şırnak;Sirnak;Shirnak,Sirnak,Şırnak,Ширнак;P;PPLA;TR;Turkey;;80;;;;52743;;1269;Europe/Istanbul;2020-06-10;Turkey;37.51393,42.45432
307515;Kırşehir;Kirsehir;Justinianopolis,Kirsechir,Kirsehir,Kirshahr,Kirshehr,Kirshekhir,Kurshekhir,Kyrshehkhir,Kyrshekhir,Kırşehir,Kırşəhər,Mocissus,Mokissus,Qirseher,Qırşeher,ke er xie xi er,kileusyehileu,kirasehara,kirshehiri,kurushehiru,qr shhr,qrshhr,Κιρσεχίρ,Киршехир,Киршехір,Кършехир,Кыршехир,Кыршэхір,قر شهر,قر شہر,قرشهر,کرسیہر,ਕਿਰਸੇਹਰ,ქირშეჰირი,クルシェヒル,克爾謝希爾,키르셰히르;P;PPLA;TR;Turkey;;40;;;;94336;;997;Europe/Istanbul;2020-06-10;Turkey;39.14583,34.16389
315368;Erzurum;Erzurum;Ard-ar-Rum,Arzan-ar-Rum,Arzirum,Carana,ERZ,Ehrzurum,Erserum,Erzeroum,Erzerum,Erzirom,Erzirum,Erzurum,Erzuruma,Erzurumas,Erzéroum,Erzîrom,Kalikala,Karin,Theodosiopolis,Theodosioupoli,ai er zu lu mu,ard rwm,ardrwm,arzrwm,eleujulum,eruzurumu,erzurumi,xer su rum,yەrzyڕۆm,Ərzurum,Ερζερούμ,Θεοδοσιούπολη,Ерзурум,Эрзурум,Կարին,ארזורום,أرضروم,ئەرزیڕۆم,ارزروم,ارض روم,เอร์ซูรุม,ერზურუმი,エルズルム,埃尔祖鲁姆,에르주룸;P;PPLA;TR;Turkey;;25;;;;420691;;1914;Europe/Istanbul;2019-11-26;Turkey;39.90861,41.27694
321082;Bingöl;Bingol;BGG,Badlis,Bingol,Bingöl,Capakcur,Cevlik,Çapakçur,Çevlik,Бингол;P;PPLA;TR;Turkey;;12;;;;80568;;1158;Europe/Istanbul;2020-06-10;Turkey;38.88472,40.49389
747764;Düzce;Duezce;Duezce,Dusje,Duzdje,Düzce;P;PPLA;TR;Turkey;;93;;;;57739;;153;Europe/Istanbul;2020-06-10;Turkey;40.83889,31.16389
748879;Çorum;Corum;Charum,Chorum,Corum,Corumas,Euchaita,Tsoroum,cholum,chorumi,chorumu,chwrwm,jwrwm,koruma,qiao lu mu,Çorum,Čorumas,Τσορούμ,Чарум,Чорум,جوروم,چوروم,چۆروم,ਕੋਰੁਮ,ჩორუმი,チョルム,喬魯姆,초룸;P;PPLA;TR;Turkey;;19;;;;183418;;808;Europe/Istanbul;2020-06-10;Turkey;40.54889,34.95333
304184;Muğla;Mugla;Mentese,Menteshe,Mobolla,Mougla,Mughla,Mughlah,Mugla,Muula,Muğla,mghla,mu la,mughla,mulla,mwghla,mwghlh,Μούγλα,Мугла,مغلا,موغلا,موغله,მუღლა,穆拉,물라;P;PPLA;TR;Turkey;;48;;;;48183;;672;Europe/Istanbul;2020-06-10;Turkey;37.21807,28.3665
743166;Kırklareli;Kirklareli;Kirk Kilise,Kirk Kilisse,Kirk-Kilissa,Kirklareli,Kirklarelis,Kyrklareli,Kırklareli,Lozen,Lozengrad,Qirxlareli,Qırxlareli,Saranta Ekklesiai,Saranta Ekklēsiai,ke er ke la lei li,kileukeullalelli,kirakalaleri,kirklareli,krklaryly,kurukurareri,qrqlr ayly,qrqlrayly,Κιρκλαρελί,Киркларелі,Кыркларели,Лозенград,قرقلر ايلي,قرقلرایلی,کرکلاریلی,ਕਿਰਕਲਾਲੇਰੀ,ქირქლარელი,クルクラーレリ,克爾克拉雷利,키르클라렐리;P;PPLA;TR;Turkey;;39;;;;58223;;215;Europe/Istanbul;2020-06-10;Turkey;41.73508,27.22521
298117;Van;Van;Thospia,Urartu,VAN,Van,Van i Tyrkia,Vana,Vanas,Wan,ban,bhyana,fan cheng,van,vani,vuan,wan,wan  trky,Βαν,Ван,Վան,ואן,وان,وان، ترکی,भ्यान,வான்,วาน,ვანი,ヴァン,凡城,반;P;PPLA;TR;Turkey;;65;;;;371713;;1708;Europe/Istanbul;2019-09-05;Turkey;38.49457,43.38323
746881;Giresun;Giresun;Cerasus,Choerades,Gireson,Giresun,Giresunas,Kerasounta,Kerassunde,Kerasun,Kerasunda,Kerasunt,Kiresun,OGU,Pharnacia,ghyrswn,gilesun,giresun,giresuni,grysn,gryswn,ji lei song,Κερασούντα,Гиресун,Ґіресун,Կերասուն,غيرسون,گره‌سون,گریسن,گریسون,გირესუნი,ギレスン,吉雷松,기레순;P;PPLA;TR;Turkey;;28;;;;98864;;39;Europe/Istanbul;2015-09-26;Turkey;40.91698,38.38741
750269;Bursa;Bursa;Boursa,Brossa,Broussa,Brousse,Brusa,Brussa,Burs,Bursa,Bursae,Burso,Prousa,YEI,bu er sa,buleusa,bur sa,bursa,burusa,bwrsa,bwrsh,bwrst,Προύσα,Бурсæ,Бурса,Бурсо,בורסה,برصہ,بورسا,بورصة,بورصه,بورصہ,بۇرسا,बुर्सा,บูร์ซา,ბურსა,ブルサ,布尔萨,부르사;P;PPLA;TR;Turkey;;16;7732338;;;1412701;;155;Europe/Istanbul;2021-07-31;Turkey;40.19559,29.06013
752015;Amasya;Amasya;Amas'ja,Amasea,Amaseia,Amasia,Amasija,Amasiyah,Amasya,Amasya ringkond,Amàsia,Amásia,MZH,a ma xi ya,amasi'a,amasia,amasuiya,amasya,amasyh,yamasya,Αμάσεια,Амасия,Амасья,Ամասիա,אמסיה,آماسیه,أماصيا,ئاماسیا,اماسیا,ਅਮਾਸਿਆ,ამასია,アマスィヤ,阿馬西亞,아마시아;P;PPLA;TR;Turkey;;05;;;;82896;;402;Europe/Istanbul;2017-01-30;Turkey;40.65333,35.83306
304797;Mardin;Mardin;MQM,Marde,Mardin,Marntin,Merdin,Mêrdin,Mêrdîn,ma er ding,maleudin,mardini,mardn,mardyn,marudin,mrdyn,Μαρντίν,Мардин,Мардін,Մարդին,ماردن,ماردين,ماردین,مێردین,ܡܪܕܝܢ,მარდინი,マルディン,馬爾丁,마르딘;P;PPLA;TR;Turkey;;72;441866;;;71373;;1056;Europe/Istanbul;2012-12-19;Turkey;37.31309,40.74357
304827;Manisa;Manisa;Magnesia,Magnesia ad Sipylum,Magnesia am Sipylos,Magnisiyah,Magnēsıa,Mahnisa,Manisa,Manissa,Sarouhan,Saruhan,Маниса;P;PPLA;TR;Turkey;;45;;;;243971;;77;Europe/Istanbul;2015-08-01;Turkey;38.61202,27.42647
305268;Kütahya;Kutahya;Cotiaeum,Cotyaeum,KZR,Kioutacheia,Kiutahija,Kjutakh'ja,Kjutakhija,Kjutakhja,Kuetahiya,Kuetahj,Kuetahya,Kutahiyah,Kutahya,Kutaia,Kutakh'ja,Kutakhja,Kutaya,Kütahiya,Kütahj,Kütahya,kutahia,kwitahia,kwtahyh,kwtahyt,kwtaہya,kyutahiya,qu ta xi ya,Κιουτάχεια,Кутахја,Кютахия,Кютахья,Кютахя,Кӱтахья,Кӳтахья,Քյոթահիա,كوتاهية,کتہیا,کوتاهیه,کوتاھیا,کوتاہیا,ქუთაჰია,キュタヒヤ,屈塔希亞,퀴타히아;P;PPLA;TR;Turkey;;43;;;;185008;;947;Europe/Istanbul;2020-06-10;Turkey;39.42417,29.98333
738927;Tekirdağ;Tekirdag;Bisanthe,Raedestum,Raidestos,Rhaedestus,Rodoscuk,Rodosto,Rodostó,Rodosçuk,Tehkirdag,Tekfur Dagh,Tekfur Dagi,Tekfur Dağı,Tekfurdag,Tekfurdağ,Tekirdaa,Tekirdag,Tekirdahas,Tekirdağ,Təkirdağ,tai ji er da,teki r dak,tekileuda,tekirdaghi,tekiruda,tkyrdagh,tykrdagh,Ραιδεστός,Родосто,Текирдаг,Текірдаг,Тэкірдаг,טקירדא,تكيرداغ,تکیرداغ,تیکرداغ,เตกีร์ดาก,თექირდაღი,テキルダー,泰基爾達,테키르다;P;PPLA;TR;Turkey;;59;;;;122287;;44;Europe/Istanbul;2022-07-27;Turkey;40.9781,27.51101
318137;Hakkâri;Hakkari;Colemerik,Hakari,Hakkari,Hakâri,Julamerk,Khakkari,Çölemerik,Хаккари;P;PPLA;TR;Turkey;;70;;;;77699;;1697;Europe/Istanbul;2019-02-01;Turkey;37.57444,43.74083
325330;Adıyaman;Adiyaman;ADF,Adiaman,Adijaman,Adijamanas,Adityman,Adiyaman,Adiyamanska,Adujaman,Adyjaman,Adıyaman,Adıyamanská,Antigiaman,Carbanum,Hisnumansur,Husnimansur,Husnumansur,Hüsnümansur,Perre,Pordonnium,Semsur,Semsûr,a de ya man,a de ya man sheng,adiamani,adiyaman,adiyamana,adouyaman,adyaman,adyyamyn,yadyyama,Αντιγιαμάν,Адияман,Адијаман,Адъяман,Адыяман,Ադիյաման,אדיאמן,آدیامان,آدی‌یامان,أديامان,ئادىياما,ادییامین,سەمسوور,আদিয়ামান,ადიამანი,アドゥヤマン,阿德亚曼,阿德亚曼省,아디야만;P;PPLA;TR;Turkey;;02;;;;223744;;678;Europe/Istanbul;2020-06-10;Turkey;37.76441,38.27629
